{
  "training_timestamp": "2026-05-25T11:36:31.556488",
  "total_duration_seconds": 344.376672744751,
  "data_config": {
    "n_transactions": 200000,
    "n_customers": 20000,
    "n_agents": 1000,
    "seed": 42
  },
  "fraud_results": {
    "xgboost": {
      "auc": 0.5599566454096958,
      "avg_precision": 0.04686783631137221,
      "f1": 0.07302867383512544,
      "precision": 0.04052206339341206,
      "recall": 0.36919592298980747,
      "n_test": 30000.0,
      "n_positive": 883.0
    },
    "lightgbm": {
      "auc": 0.52668870866634,
      "avg_precision": 0.035194302680036496,
      "f1": 0.0,
      "precision": 0.0,
      "recall": 0.0,
      "n_test": 30000.0,
      "n_positive": 883.0
    },
    "random_forest": {
      "auc": 0.5219063277764318,
      "avg_precision": 0.034956929963550834,
      "f1": 0.03940886699507389,
      "precision": 0.07164179104477612,
      "recall": 0.027180067950169876,
      "n_test": 30000.0,
      "n_positive": 883.0
    },
    "dnn": {
      "auc": 0.5377030056151402,
      "avg_precision": 0.039871623896907196,
      "f1": 0.06271280386412226,
      "precision": 0.033713604631363865,
      "recall": 0.44847112117780297,
      "n_test": 30000.0,
      "n_positive": 883.0,
      "best_epoch": 15.0,
      "best_val_auc": 0.5236316505584744
    },
    "isolation_forest": {
      "auc": 0.5271147828589082,
      "avg_precision": 0.03525201131892798,
      "f1": 0.059782608695652176,
      "precision": 0.04981132075471698,
      "recall": 0.07474518686296716,
      "n_test": 30000.0,
      "n_positive": 883.0
    }
  },
  "gnn_results": {
    "gcn": {
      "auc": 0.6366895493347584,
      "f1": 0.0,
      "precision": 0.0,
      "recall": 0.0,
      "best_epoch": 25.0,
      "best_val_auc": 0.6325147414442673
    },
    "gat": {
      "auc": 0.5301963524753017,
      "f1": 0.3910043444927166,
      "precision": 0.24301143583227447,
      "recall": 1.0,
      "best_epoch": 0.0,
      "best_val_auc": 0.538605663080239
    },
    "graphsage": {
      "auc": 0.5660739096477164,
      "f1": 0.3683274021352313,
      "precision": 0.2791638570465273,
      "recall": 0.5411764705882353,
      "best_epoch": 181.0,
      "best_val_auc": 0.5651169896787986
    }
  },
  "credit_results": {
    "xgb_score": {
      "rmse": 40.93207412754468,
      "mae": 31.602500915527344,
      "r2": 0.697121798992157
    },
    "lgb_score": {
      "rmse": 41.06439118859916,
      "mae": 31.77481185743679,
      "r2": 0.6951604758137059
    },
    "dnn_score": {
      "rmse": 41.0724650793608,
      "mae": 31.751554489135742,
      "r2": 0.6950405836105347,
      "best_epoch": 21.0
    },
    "xgb_default": {
      "auc": 0.6661027688354231,
      "f1": 0.5570719602977667
    },
    "dnn_default": {
      "auc": 0.66763574393668,
      "f1": 0.5130609511051574,
      "best_epoch": 21.0
    }
  },
  "weight_files": [
    "credit_dnn_default_best.pt",
    "credit_dnn_score_best.pt",
    "credit_feature_engineer.joblib",
    "credit_lgb_score.joblib",
    "credit_training_metadata.json",
    "credit_xgb_default.joblib",
    "credit_xgb_score.joblib",
    "fraud_dnn_best.pt",
    "fraud_feature_engineer.joblib",
    "fraud_gat_best.pt",
    "fraud_gcn_best.pt",
    "fraud_graphsage_best.pt",
    "fraud_isolation_forest.joblib",
    "fraud_lightgbm.joblib",
    "fraud_random_forest.joblib",
    "fraud_training_metadata.json",
    "fraud_xgboost.joblib",
    "gnn_training_metadata.json"
  ]
}