{
  "training_timestamp": "2026-05-25T11:36:31.387914",
  "training_duration_seconds": 25.736197471618652,
  "dataset_size": 20000,
  "feature_count": 21,
  "device": "cpu",
  "results": {
    "xgb_score": {
      "rmse": 40.93207412754468,
      "mae": 31.602500915527344,
      "r2": 0.697121798992157
    },
    "lgb_score": {
      "rmse": 41.06439118859916,
      "mae": 31.77481185743679,
      "r2": 0.6951604758137059
    },
    "dnn_score": {
      "rmse": 41.0724650793608,
      "mae": 31.751554489135742,
      "r2": 0.6950405836105347,
      "best_epoch": 21.0
    },
    "xgb_default": {
      "auc": 0.6661027688354231,
      "f1": 0.5570719602977667
    },
    "dnn_default": {
      "auc": 0.66763574393668,
      "f1": 0.5130609511051574,
      "best_epoch": 21.0
    }
  }
}