{
  "training_timestamp": "2026-05-25T12:07:36.678713",
  "training_duration_seconds": 9.75553822517395,
  "dataset_size": 5000,
  "feature_count": 21,
  "device": "cpu",
  "results": {
    "xgb_score": {
      "rmse": 43.655090971998185,
      "mae": 33.78066635131836,
      "r2": 0.7045213580131531
    },
    "lgb_score": {
      "rmse": 43.41944265862027,
      "mae": 33.677889365619336,
      "r2": 0.7077026988998684
    },
    "dnn_score": {
      "rmse": 44.165952357627816,
      "mae": 34.12104034423828,
      "r2": 0.6975653767585754,
      "best_epoch": 32.0
    },
    "xgb_default": {
      "auc": 0.6781226903178124,
      "f1": 0.588957055214724
    },
    "dnn_default": {
      "auc": 0.6983327880968825,
      "f1": 0.5835411471321695,
      "best_epoch": 38.0
    }
  }
}